time,.endpoint_state.pose.position.x,.endpoint_state.pose.position.y,.endpoint_state.pose.position.z,.endpoint_state.pose.orientation.x,.endpoint_state.pose.orientation.y,.endpoint_state.pose.orientation.z,.endpoint_state.pose.orientation.w,.wrench_stamped.wrench.force.x,.wrench_stamped.wrench.force.y,.wrench_stamped.wrench.force.z,.wrench_stamped.wrench.torque.x,.wrench_stamped.wrench.torque.y,.wrench_stamped.wrench.torque.z
174.851876,0.761326421321,-0.289668825158,0.0682085066632,-0.0264080116148,0.999471651201,0.00731238660574,0.0174803996252,1.193999964,-3.40499982983,1.06899991035,0.00400000018999,0.0450000017881,0.0560000017285
174.851907,0.761391254817,-0.289957644054,0.0683241668894,-0.0265171210599,0.999469615464,0.00699284760085,0.0175621791568,0.974000054598,-3.54500017315,1.09900012016,0.00700000021607,0.0399999991059,0.0670000016689
174.851917,0.760769305425,-0.289726915881,0.0670487601215,-0.0269611376774,0.999467698696,0.00719320344546,0.0169018976111,0.904000002146,-3.70500002056,1.12899985313,0.00300000002608,0.0410000011325,0.0649999976158
174.85196,0.760888944548,-0.289374127446,0.0670119417826,-0.0268096276444,0.999472452112,0.0072903089043,0.0168200098179,1.28399999738,-3.12500009686,1.14899983406,0.00300000002608,0.0460000000894,0.0619999989867
174.891904,0.760928500902,-0.289647009629,0.06666486746,-0.0269181162039,0.999470661522,0.00690667512602,0.016914775057,0.433999973536,-2.01499996334,1.12899985313,-0.00499999988824,0.0540000014007,0.0390000008047
174.891953,0.761214653896,-0.289948030334,0.066227779234,-0.0257671972342,0.999491237613,0.00722103774855,0.0173543681764,0.163999992609,-1.97500000149,0.998999738693,-0.00300000002608,0.0619999989867,0.0299999993294
174.891977,0.761448898436,-0.288797886193,0.0657221631827,-0.0269972565145,0.999452091202,0.00743170280232,0.017647530321,0.654000002146,-2.35499987751,0.818999910355,0.0,0.054999999702,0.0450000017881
174.892034,0.761425847464,-0.288942094316,0.0654358017426,-0.0268085686125,0.999454045953,0.00767899330007,0.017718457556,0.553999978304,-3.00499997288,1.06899991035,0.0,0.0500000007451,0.0610000006855
174.894536,0.760486258791,-0.288182772995,0.064608602672,-0.0277140529267,0.999451169838,0.00764670687524,0.0164565565689,0.303999978304,-2.86499986798,1.07900013924,-0.00700000021607,0.0500000007451,0.0579999983311
174.903772,0.760221635381,-0.289333348824,0.0637583870907,-0.0272645597041,0.999474141941,0.00717040669811,0.0160208814835,0.134000021219,-3.00499997288,0.889000082016,-0.00400000018999,0.0450000017881,0.0560000017285
174.913563,0.761016842032,-0.28908315224,0.064183465393,-0.0271484460562,0.999460201636,0.00730724772293,0.016996215857,0.194000023603,-3.21500001103,0.798999929428,-0.0140000004321,0.0390000008047,0.0529999993742
174.923427,0.760306207231,-0.288167898582,0.062857813779,-0.027593129363,0.999456569468,0.00790446455863,0.0162081583885,0.494000035524,-3.06499991566,0.648999834061,-0.00400000018999,0.0460000000894,0.0430000014603
174.933666,0.760684403563,-0.288577633831,0.0621987450976,-0.0270873115491,0.999461703616,0.00808398897468,0.0166502156472,0.894000011683,-3.3849998489,0.488999986649,-0.0130000002682,0.0619999989867,0.0560000017285
174.971863,0.76062019364,-0.288173246551,0.0622433191304,-0.027671256503,0.999449042944,0.00772761173541,0.0166191497307,2.0840000689,-2.36499986798,0.659000062943,-0.01600000076,0.0689999982715,0.0520000010729
174.971904,0.760663355615,-0.288880515392,0.0618046819381,-0.0271375682109,0.99946563775,0.00764341954249,0.0165399361145,2.78400011659,-2.48499999195,0.889000082016,0.0,0.0590000003576,0.0359999984503
174.972053,0.760214716831,-0.288088433705,0.0612057881497,-0.0274603958835,0.999457490122,0.00806116468411,0.0162993779542,2.20399995446,-3.35500011593,0.978999757767,-0.00499999988824,0.0450000017881,0.0289999991655
175.011906,0.760159837025,-0.288510780233,0.060752462477,-0.0272366509812,0.9994668411,0.00789029304228,0.0161846118337,1.71399994493,-3.18500003964,1.1990000248,-0.00499999988824,0.0419999994338,0.0270000007004
175.011947,0.760402371833,-0.288795823364,0.0606417744447,-0.0269944529257,0.999467297849,0.00780604438134,0.0165977623033,1.85400004983,-2.68500003964,1.15900006294,-0.00200000009499,0.0340000018477,0.019999999553
175.011984,0.760078309864,-0.288443067662,0.0599644265846,-0.0272274968283,0.999471897641,0.0077481832307,0.0159547767133,1.5239998877,-2.45500002056,1.30900015831,-0.00899999961257,0.035000000149,0.0399999991059
175.012004,0.760049991536,-0.288496156995,0.0596865508841,-0.0264289088285,0.999493187788,0.00790247550488,0.0158880843659,1.28399999738,-2.43500003964,1.16899981499,-0.00999999977648,0.0419999994338,0.0489999987185
175.051903,0.759714248433,-0.28896866532,0.0591493817188,-0.0268331461301,0.999492271922,0.00708402429936,0.0156523875434,0.884000021219,-1.91500005871,0.818999910355,-0.0130000002682,0.054999999702,0.0250000003725
175.051933,0.759870409716,-0.288651880433,0.057980406301,-0.0272491379194,0.999479134576,0.00740174553753,0.0156255621355,0.644000011683,-1.75499997288,0.949000024796,-0.0219999998808,0.0619999989867,0.0230000000447
175.051963,0.760161358385,-0.288058432407,0.0579155362575,-0.0274599325289,0.999462660668,0.00744353460658,0.0162768494888,0.864000040293,-2.03499994427,1.35899987221,-0.0010000000475,0.054999999702,0.0419999994338
175.052044,0.760218620885,-0.287666679486,0.0576452144148,-0.0272800474239,0.999472293029,0.00727362274708,0.0160632777294,0.82399995923,-2.29499993473,1.4490000248,-0.00899999961257,0.0450000017881,0.0529999993742
175.091913,0.759533170868,-0.286949170737,0.0569251691586,-0.0286442365911,0.999447140806,0.00699479897633,0.0153620712417,1.27400000691,-2.95500002056,1.24899973869,-0.00400000018999,0.0329999998212,0.0410000011325
175.091958,0.75961163918,-0.287854597123,0.0569315994794,-0.0277927668432,0.999467229063,0.00718333088132,0.0155312555216,1.17399998307,-2.9450000301,1.23899998665,-0.0109999999404,0.0240000002086,0.035000000149
175.091977,0.76000288984,-0.288236367456,0.0567682248474,-0.0276905826901,0.999463325168,0.00683701005089,0.0161105111287,0.484000045061,-2.28499994427,1.34900012016,0.0,0.035000000149,0.0140000004321
175.092,0.759348483193,-0.287989542583,0.0557853431879,-0.0280535387997,0.99946426251,0.00695871968157,0.0153545806525,0.21400000453,-1.67500004917,1.14899983406,0.0010000000475,0.0439999997616,0.0140000004321
175.094314,0.759940462702,-0.287617661072,0.0559198755443,-0.0284519649229,0.999445544092,0.00679921584302,0.0159015958629,1.2240000546,-2.83499989659,1.14899983406,0.0120000001043,0.0469999983907,0.0419999994338
175.10351,0.759852664891,-0.288192741068,0.055241933462,-0.0278509912976,0.999463651082,0.0067792057789,0.0158358712576,1.04399998784,-3.73499975353,1.28900017738,0.00400000018999,0.0379999987781,0.0370000004768
175.113468,0.760284167928,-0.288672607181,0.0554887641139,-0.0272364763326,0.999475522163,0.00660669026471,0.0162236431965,0.884000021219,-3.96499977261,1.90900006294,0.00700000021607,0.0329999998212,0.0280000008643
175.123677,0.760202810525,-0.288723070708,0.0552554380732,-0.0282596853769,0.999450642653,0.00620947541779,0.0161630905808,1.28399999738,-3.18500003964,2.23899998665,0.0010000000475,0.019999999553,0.035000000149
175.133927,0.76090814836,-0.287709680116,0.0551179835088,-0.0291159650988,0.999414228552,0.00639280636355,0.016810483961,1.26400001645,-2.87500009686,1.99899973869,0.0,0.0219999998808,0.0209999997169
175.171895,0.760032447957,-0.288356819624,0.0540093358905,-0.0282853850067,0.999453272679,0.00635152169811,0.0158981413325,1.24400003552,-2.85499987751,1.6990000248,0.0149999996647,0.0430000014603,0.01600000076
175.171945,0.759889457771,-0.2889483027,0.0538351704183,-0.0281258602543,0.999458340937,0.00641572898399,0.0158366390735,0.994000035524,-2.56499991566,1.57900013924,0.01600000076,0.0509999990463,0.0280000008643
175.171963,0.760568571029,-0.288403011511,0.053576350502,-0.0286383770998,0.999433110617,0.00629457794748,0.0165432477949,1.43399997354,-2.22500000149,1.54899992943,0.00300000002608,0.0460000000894,0.0260000005364
175.21189,0.760559489022,-0.287544796712,0.0535142232608,-0.0294103463925,0.999408745925,0.00645534799252,0.0165987522235,0.933999973536,-1.39500007778,1.38900008202,0.0,0.0379999987781,0.0240000002086
175.211928,0.76041529159,-0.288207586409,0.0528476260243,-0.0281325529569,0.999448514173,0.00678178531162,0.0162860175842,0.793999987841,-1.15499994904,1.60899987221,-0.00600000005215,0.0340000018477,0.0250000003725
175.211943,0.760664545975,-0.286909449134,0.0526282163522,-0.0291719307115,0.999415286019,0.00675470632504,0.0165063161587,1.38400002122,-1.89500007778,2.15900006294,-0.00499999988824,0.0240000002086,0.0309999994934
175.211972,0.761025084558,-0.286905284869,0.0525836303769,-0.0290888364362,0.99940473727,0.00716067619326,0.0171095129275,1.24400003552,-2.35499987751,1.83899989128,0.00700000021607,0.0299999993294,0.0260000005364
175.251857,0.760435180227,-0.287252232717,0.0516169070005,-0.0285812784382,0.999429286925,0.00764846512231,0.0163006730098,0.474000054598,-1.6950000301,1.31899991035,0.00499999988824,0.0439999997616,0.00600000005215
175.251904,0.760620963078,-0.287483996092,0.0518906165766,-0.0286314083318,0.999422196838,0.00735824384178,0.016774122123,0.274000006914,-1.49499998242,1.30900015831,0.00800000037998,0.054999999702,0.0179999992251
175.251923,0.761539611319,-0.287587892503,0.0522059946261,-0.0285180858588,0.999408311581,0.00710905149782,0.0178663624975,1.12400003076,-2.39500007778,1.73899998665,0.0120000001043,0.0630000010133,0.0379999987781
175.251976,0.760920118031,-0.287397138468,0.0512829567158,-0.0290689977042,0.999406911425,0.00707135876065,0.0170532886238,0.963999944925,-2.98499999195,1.98899998665,-0.00499999988824,0.0520000010729,0.0430000014603
175.291872,0.761660355576,-0.287736825203,0.0508155701056,-0.0284144690429,0.999411451201,0.00729439819296,0.0177809142555,1.03399999738,-3.3049999252,1.99899973869,-0.00499999988824,0.0520000010729,0.0379999987781
175.291904,0.760618475374,-0.28686222448,0.0498806760979,-0.0287921914695,0.999424487327,0.00747480212621,0.0163043299147,1.25400002599,-3.0549999252,2.0289999485,-0.00600000005215,0.0430000014603,0.0170000009239
175.291932,0.760953251006,-0.287593024189,0.0503438275886,-0.028326644018,0.999428742071,0.00751951388288,0.016829963527,0.974000054598,-2.74499998242,1.81899991035,-0.01600000076,0.0359999984503,0.00899999961257
175.291946,0.761809701409,-0.288094403465,0.0503181332868,-0.0282716560958,0.999411828866,0.00738875672681,0.0179475919964,1.21399994493,-2.12500009686,1.86900010109,-0.0130000002682,0.0480000004172,0.0260000005364
175.29361,0.761662551032,-0.287492675057,0.049962092874,-0.0285411631196,0.99940379765,0.00732987514028,0.0179923367452,1.04399998784,-1.52499995381,1.64899983406,0.0010000000475,0.0579999983311,0.0240000002086
175.303414,0.761168867269,-0.287076631993,0.0495525001068,-0.0286244839333,0.999415732208,0.00714615079983,0.0172558877662,0.734000045061,-1.17499992996,1.31899991035,-0.0149999996647,0.0570000000298,0.0270000007004
175.31462,0.761463357136,-0.287690828002,0.0495623520476,-0.0285173672132,0.999412497672,0.00702533997484,0.01766532939,1.21399994493,-2.00499997288,1.10899987221,0.00499999988824,0.0560000017285,0.0299999993294
175.324973,0.761470747998,-0.287958843812,0.0488451539281,-0.0279699049247,0.999429600498,0.00736844099053,0.0174316994226,0.764000016451,-2.60499987751,1.15900006294,-0.00700000021607,0.0390000008047,0.0340000018477
175.333943,0.761507709045,-0.286901349717,0.049004407753,-0.02853377867,0.999413979199,0.00711275666206,0.0175194277849,0.57399995923,-3.0549999252,1.28900017738,0.0,0.0370000004768,0.0170000009239
175.371893,0.762061070537,-0.287399456472,0.048817533442,-0.0271319770123,0.999443645494,0.00739141558831,0.017933830636,0.0539999783039,-3.02499995381,1.2789999485,-0.00600000005215,0.0240000002086,0.0230000000447
175.371939,0.76150768667,-0.28716003013,0.0485596471532,-0.0272905800172,0.999446070469,0.00748833271909,0.0175128906635,-0.325999987125,-3.08499989659,1.13900008202,-0.00999999977648,0.0399999991059,0.0340000018477
175.371953,0.762442210247,-0.287485782256,0.0484278782563,-0.0270716652782,0.999431961749,0.0073121687307,0.0186925376156,-0.386000004411,-2.5549999252,1.16899981499,-0.0140000004321,0.0560000017285,0.0520000010729
175.411908,0.762683678799,-0.287607709033,0.0477600345948,-0.026942192776,0.999430047389,0.00718437531607,0.0190284885134,0.474000054598,-3.00499997288,1.30900015831,0.00200000009499,0.0710000023246,0.0509999990463
175.411953,0.761887275778,-0.287932249431,0.0471682911271,-0.0259556095395,0.999471801151,0.00744329064866,0.0180837624008,0.844000059366,-2.98499999195,1.43899979591,-0.0130000002682,0.0610000006855,0.0379999987781
175.411973,0.761955649986,-0.288563296863,0.0469449511416,-0.0252690738169,0.99949020845,0.00733079961727,0.0180847034403,0.553999978304,-2.46500001103,1.55900015831,0.0,0.0450000017881,0.0270000007004
175.411986,0.762825869832,-0.287951275676,0.0473629120398,-0.0264069128199,0.999439352024,0.00712996141927,0.0193085532963,0.144000011683,-2.51499996334,1.6990000248,0.00300000002608,0.0270000007004,0.0219999998808
175.451907,0.762300111885,-0.288403391329,0.0465004090185,-0.0264181056074,0.999462038208,0.00631781327494,0.0183794208936,-0.295999985933,-2.46500001103,1.66899981499,-0.0140000004321,0.0260000005364,0.0130000002682
175.451951,0.763022978366,-0.288503084304,0.0465939980059,-0.0261441908808,0.999451758837,0.00675489136506,0.0191581440533,0.21400000453,-1.64500007778,1.5289999485,-0.0120000001043,0.0379999987781,0.00700000021607
175.451975,0.763986180592,-0.28741087252,0.0469714764633,-0.026847903939,0.999410778616,0.00681196776726,0.0202702426137,0.864000040293,-1.60499987751,1.35899987221,-0.0130000002682,0.0509999990463,0.0240000002086
175.452124,0.763333420524,-0.288922943954,0.0457567468074,-0.025840008682,0.999452120374,0.00639690616862,0.019668061001,1.14400001168,-1.62500009686,1.2789999485,-0.00999999977648,0.0590000003576,0.0260000005364
175.491908,0.764016788547,-0.289213258761,0.0456749792825,-0.025860479389,0.999435691989,0.00640441697449,0.0204576789292,1.32399995923,-1.6950000301,1.13900008202,-0.00200000009499,0.0570000000298,0.0179999992251
175.491944,0.763978022433,-0.28870790037,0.0454390224054,-0.0266423350979,0.999415950062,0.0062636984869,0.0204624246535,1.26400001645,-2.03499994427,1.17900004387,-0.0109999999404,0.0500000007451,0.0170000009239
175.491959,0.763923983007,-0.288372123525,0.04532127728,-0.0270871431046,0.999403620207,0.00629685549433,0.0204704715925,1.07399995923,-1.93500003964,1.33899989128,-0.0189999993891,0.0439999997616,0.0170000009239
175.491993,0.764562343894,-0.289190379327,0.0451834048077,-0.0263994773299,0.999407324572,0.00618031027478,0.0212101615469,0.844000059366,-1.84499988705,1.24899973869,-0.0140000004321,0.0390000008047,0.00899999961257
175.493451,0.7634375482,-0.287986676585,0.0439506645565,-0.0275831253016,0.999410354466,0.00596953773144,0.0195570755273,0.994000035524,-1.93500003964,1.22899975777,-0.0170000009239,0.0419999994338,0.00700000021607
175.503854,0.763511463161,-0.289620311913,0.0437804606449,-0.0272008754072,0.99941956494,0.00538212140378,0.0197908656173,1.04399998784,-2.01499996334,1.26899971962,-0.0149999996647,0.0419999994338,0.0120000001043
175.513508,0.763909876535,-0.29034519088,0.0443689683569,-0.0266379142835,0.999427669008,0.00527511768578,0.020172483187,0.744000035524,-2.00499997288,1.11900010109,-0.0170000009239,0.0329999998212,0.0230000000447
175.523605,0.763585714799,-0.289261085993,0.0433367959154,-0.0274419427776,0.999415135938,0.00530033106817,0.0197036119601,0.463999944925,-2.22500000149,1.00899996758,-0.00899999961257,0.0450000017881,0.0289999991655
175.533399,0.764618769165,-0.290142873681,0.0436643543647,-0.0267597461746,0.999408646508,0.00507288045845,0.0209890245917,0.614000040293,-2.8049999252,1.08899989128,-0.0010000000475,0.0560000017285,0.0289999991655
175.571887,0.763825977673,-0.290945952507,0.0423833034788,-0.0271930495061,0.999413788765,0.00461673857813,0.0202805968925,1.00400002599,-2.82499990612,1.13900008202,-0.00999999977648,0.0590000003576,0.0370000004768
175.571933,0.764695036949,-0.289790701312,0.0425404414901,-0.0265811317089,0.999404867894,0.00544969574288,0.0212991615405,0.963999944925,-2.47500000149,0.978999757767,-0.00200000009499,0.0590000003576,0.0309999994934
175.571952,0.764390544211,-0.290349842524,0.0426888385712,-0.0263723566693,0.999417672041,0.00483277583651,0.0211059208362,0.724000054598,-2.39500007778,0.929000043869,-0.00600000005215,0.0520000010729,0.0299999993294
175.61189,0.764852932361,-0.290208768284,0.0422085439536,-0.0264902851102,0.999406392307,0.00499253626843,0.0214523283796,0.604000049829,-2.33499989659,1.14899983406,-0.00700000021607,0.0489999987185,0.0340000018477
175.611921,0.76488361652,-0.290412378854,0.0420417057002,-0.0266203540867,0.999400475537,0.00520545797285,0.0215162601554,0.923999983072,-1.63500008732,1.28900017738,-0.0149999996647,0.0430000014603,0.0450000017881
175.611986,0.76487842118,-0.290101670921,0.0417619077413,-0.0266861504262,0.999400025253,0.00547016968538,0.0213896270139,1.12400003076,-1.29499993473,1.17900004387,-0.0130000002682,0.0390000008047,0.0439999997616
175.612002,0.764384790378,-0.289050750496,0.0413990823086,-0.0271763317549,0.999393855872,0.00597978632124,0.0209191298206,0.803999978304,-1.4450000301,1.09900012016,-0.00899999961257,0.0410000011325,0.0430000014603
175.651883,0.764665357769,-0.29056140516,0.0406294016026,-0.0260884906933,0.999420011492,0.00561428941416,0.0211544566908,1.10400004983,-2.20500002056,0.978999757767,-0.0010000000475,0.035000000149,0.0419999994338
175.651925,0.763846255632,-0.291286426506,0.0404233061042,-0.0261097584493,0.999441566339,0.00519728264304,0.0201946587133,1.193999964,-2.88500008732,0.838999891281,0.00499999988824,0.0340000018477,0.0359999984503
175.651945,0.763479492035,-0.290451041154,0.0398954927829,-0.0269551934472,0.999427589276,0.00502366127779,0.0198160078709,0.443999963999,-2.60499987751,0.668999814987,0.00200000009499,0.0320000015199,0.0250000003725
175.651977,0.763608450535,-0.291845341294,0.0392912520322,-0.0252221022258,0.999467757591,0.00522132119545,0.0200196128876,0.233999985456,-1.90500006825,0.738999986649,0.00800000037998,0.0370000004768,0.01600000076
175.653799,0.763285860127,-0.29093842304,0.0384343691451,-0.0260125391556,0.999454019705,0.00553535598437,0.0196053598755,1.20399995446,-2.43500003964,0.838999891281,0.00400000018999,0.0540000014007,0.0179999992251
175.663686,0.763430975271,-0.290479448158,0.0383182935584,-0.0261875926146,0.999442102155,0.00528219812326,0.0200447703035,1.70399995446,-3.18500003964,0.80900015831,-0.00200000009499,0.0670000016689,0.0280000008643
175.673806,0.76395162131,-0.29083050591,0.0382301531297,-0.0260289763766,0.999434381699,0.00554846316013,0.0205578117185,1.61400004029,-3.23499999195,0.889000082016,-0.00300000002608,0.0670000016689,0.035000000149
175.683832,0.763674443446,-0.290731675439,0.037713224408,-0.0262755073535,0.999436148163,0.00555822369255,0.0201516651512,1.3039999783,-3.53499994427,1.07900013924,0.0,0.0540000014007,0.0340000018477
175.723925,0.764306447217,-0.292334277812,0.0380777973762,-0.0256197826837,0.999438428833,0.0049014611084,0.0210340054925,1.3039999783,-3.53499994427,1.07900013924,0.0,0.0540000014007,0.0340000018477
175.723961,0.763110585995,-0.29179368137,0.0365611402913,-0.0262340612876,0.999454317581,0.00494125483829,0.0194531513575,-0.0160000145435,-3.21500001103,0.798999929428,-0.00400000018999,0.0500000007451,0.0379999987781
175.723992,0.763166650807,-0.291691922379,0.0363936701942,-0.0261635325631,0.999453593651,0.00488274784373,0.0195995529416,-0.03599999547,-3.76499996334,0.738999986649,0.00400000018999,0.0640000030398,0.0399999991059
175.724052,0.763932227486,-0.291976664755,0.0362030184058,-0.0257399979565,0.999448405096,0.00496284931635,0.0203889230624,0.0640000283718,-4.1349998489,0.628999853134,0.0010000000475,0.0670000016689,0.0340000018477
175.763966,0.763130797397,-0.291397987756,0.0355486532901,-0.0266606539143,0.999439609608,0.00508165057777,0.0195921695539,0.0939999997616,-4.29500017315,0.668999814987,-0.00499999988824,0.0710000023246,0.0260000005364
175.763997,0.764350157418,-0.292193134928,0.0358778405528,-0.0255309829695,0.999436931763,0.00485667908016,0.021222653122,0.413999992609,-4.11499986798,0.849000120163,-0.00899999961257,0.0740000009537,0.0240000002086
175.764055,0.763534526706,-0.29109771502,0.0347190936793,-0.0264224289488,0.999429882086,0.00550601590743,0.0202842261554,0.874000030756,-3.87500009686,0.988999986649,-0.00700000021607,0.0750000029802,0.0260000005364
175.764072,0.763686371713,-0.291278399012,0.0342233640442,-0.0259670722382,0.999441942855,0.00560745036446,0.0202501980516,1.49399991632,-3.45500002056,1.14899983406,-0.0010000000475,0.0719999969006,0.0189999993891
175.774087,0.763846200585,-0.291092314803,0.0342869141061,-0.0258078370626,0.99943975923,0.00564585987738,0.0205486613344,1.68399997354,-2.6950000301,1.12899985313,0.0,0.0630000010133,0.01600000076
175.784669,0.762969577965,-0.291796526236,0.0326759058299,-0.0248179661755,0.999487798701,0.00551729698744,0.019436260876,1.68399997354,-2.6950000301,1.12899985313,0.0,0.0630000010133,0.01600000076
175.823895,0.764164789453,-0.291496219535,0.0334553014931,-0.0251105248025,0.999453586769,0.00542337974054,0.0207984708589,0.533999997377,-3.20500002056,0.909000062943,-0.0149999996647,0.0469999983907,0.0379999987781
175.823942,0.76289423616,-0.292426275495,0.0324995125425,-0.0246744872927,0.999489578327,0.00509081313335,0.0196427114996,0.813999968767,-3.53499994427,0.798999929428,-0.00400000018999,0.0689999982715,0.0390000008047
175.823991,0.7629941026,-0.291010070939,0.0318854600511,-0.0245140526618,0.999489234935,0.00571144937917,0.0196903483219,0.894000011683,-3.37500009686,0.818999910355,0.00200000009499,0.0719999969006,0.0370000004768
175.824117,0.762453218984,-0.290929401196,0.0311305802433,-0.0253612895296,0.999479502149,0.00558698637811,0.0191393667974,1.03399999738,-3.2550002113,0.849000120163,0.0010000000475,0.0619999989867,0.0309999994934
175.863912,0.762712505052,-0.290554354938,0.0306411776373,-0.0251048458868,0.99948133511,0.00604833455397,0.0192412350951,1.09400005937,-3.13500008732,0.978999757767,-0.00200000009499,0.0500000007451,0.0329999998212
175.863958,0.762412114429,-0.290406711829,0.0305699892246,-0.0244328263682,0.999503978851,0.00600733177447,0.0189405707683,1.38400002122,-2.78499994427,1.11900010109,0.0,0.0430000014603,0.0299999993294
175.863984,0.761795111721,-0.289828759338,0.0299245590868,-0.0255430826771,0.999487524727,0.00611487973366,0.0182988275299,1.42399998307,-2.45500002056,1.20899977684,-0.00600000005215,0.0309999994934,0.0280000008643
175.863999,0.761813102708,-0.289836124627,0.0292564859947,-0.0251242548325,0.99949865572,0.00657423621381,0.0181104514245,1.33399994969,-2.21500001103,1.21900000572,0.00300000002608,0.0280000008643,0.0359999984503
175.903903,0.761796256207,-0.290908099288,0.0290896998666,-0.0247641610184,0.999505072712,0.00636515530012,0.0183256855131,1.33399994969,-2.21500001103,1.21900000572,0.00300000002608,0.0280000008643,0.0359999984503
175.903933,0.761955808107,-0.29082338561,0.0287559593759,-0.0248815629932,0.999502006944,0.00620312392697,0.0183893227405,1.61400004029,-2.57499990612,1.13900008202,-0.0109999999404,0.0599999986589,0.0419999994338
175.903976,0.761731413683,-0.29112131911,0.0278470787485,-0.0248922558089,0.999502973121,0.00608119122482,0.0183630453814,1.37400003076,-2.74499998242,1.33899989128,-0.0120000001043,0.0570000000298,0.0309999994934
175.904024,0.761554451459,-0.291051030787,0.0277828999964,-0.0252712780411,0.999495220528,0.00592212260688,0.0183192552279,1.47399993539,-2.63500008732,1.40900006294,0.00400000018999,0.054999999702,0.0219999998808
175.9439,0.761536867394,-0.290976784159,0.0269398009072,-0.0251612087845,0.999501037623,0.00596332583905,0.0181391319339,1.5840000689,-2.33499989659,1.35899987221,0.00400000018999,0.0560000017285,0.0179999992251
175.943932,0.761564656756,-0.291535279801,0.0267153998744,-0.025054613758,0.999503532139,0.00560093659811,0.018264311669,1.54400010705,-2.24499998242,1.36900010109,0.00899999961257,0.0460000000894,0.019999999553
175.943961,0.761656315283,-0.291042155965,0.0263267185636,-0.025119534139,0.999505822947,0.00592833496228,0.017943626869,1.64400001168,-2.43500003964,1.34900012016,0.00300000002608,0.035000000149,0.0260000005364
175.944659,0.761410395966,-0.290985032633,0.0258661894414,-0.0245676109171,0.999522112202,0.00591824873561,0.0178032032426,1.47399993539,-2.49499998242,1.21900000572,-0.00899999961257,0.0230000000447,0.0309999994934
175.95532,0.760932266494,-0.291512846523,0.0254507840748,-0.0249092556751,0.999522534262,0.00562613448047,0.0173948008264,1.12400003076,-2.15500006825,1.17900004387,-0.0120000001043,0.0329999998212,0.0280000008643
175.991879,0.761154843251,-0.291249549214,0.0245615347508,-0.0253420425239,0.999508757499,0.00575347117149,0.0175191932934,0.504000025988,-1.42500004917,1.12899985313,-0.0149999996647,0.0469999983907,0.00999999977648
175.991916,0.761645126241,-0.29070698544,0.0246341384002,-0.0255022491216,0.999489104445,0.00611102741226,0.018270761605,0.774000006914,-1.75499997288,0.969000005722,-0.00499999988824,0.0579999983311,0.0010000000475
175.991935,0.76113285369,-0.291260443192,0.0239386128243,-0.0256146524261,0.999495893463,0.00566620501811,0.017881349303,1.55400009751,-2.4450000301,0.938999795914,-0.00200000009499,0.0610000006855,0.00700000021607
176.031955,0.761035041638,-0.291074602267,0.0235439379842,-0.0260904804602,0.999487122659,0.0058245464597,0.0176310273955,1.73399992585,-2.39500007778,1.1990000248,-0.00499999988824,0.0450000017881,0.0120000001043
176.031987,0.761102240485,-0.290619314349,0.0227070383137,-0.0257275145771,0.999491416868,0.00623250484464,0.0177808459732,1.92399998307,-2.35499987751,1.33899989128,0.00700000021607,0.0320000015199,0.0140000004321
176.032045,0.761587053678,-0.290604688798,0.0229457832351,-0.0261085844078,0.999472547642,0.00589689048634,0.0183900791949,1.99399991632,-2.17500004917,1.2789999485,0.0149999996647,0.035000000149,0.0219999998808
176.03208,0.761426648314,-0.290523746749,0.0223189133034,-0.026484908232,0.999470413994,0.00593012342152,0.0179520144592,1.54400010705,-1.97500000149,1.23899998665,0.00600000005215,0.0390000008047,0.0329999998212
176.071884,0.760973214781,-0.290927968452,0.0216322662345,-0.0261238235992,0.999484423222,0.00600735648727,0.0176732918848,1.54400010705,-1.97500000149,1.23899998665,0.00600000005215,0.0390000008047,0.0329999998212
176.071911,0.76109159994,-0.290248211589,0.0214646212181,-0.0260241436098,0.999488788305,0.00579863000086,0.0176431825926,1.443999964,-1.90500006825,1.12899985313,-0.0010000000475,0.0489999987185,0.0280000008643
176.072063,0.761079244853,-0.290169469561,0.0211834996515,-0.0258920019362,0.9994931039,0.00577208139766,0.0176017774028,1.89400001168,-1.88500008732,1.26899971962,0.00499999988824,0.0509999990463,0.0219999998808
176.072089,0.76167982105,-0.291103092462,0.0211453874268,-0.0263036873852,0.999474534697,0.00553627399739,0.0181140882056,1.95399995446,-1.97500000149,1.36900010109,0.00600000005215,0.0379999987781,0.0219999998808
176.111874,0.761582038065,-0.291221157796,0.0205843844528,-0.0258505443896,0.999487240393,0.00579913268512,0.0179826501303,1.72399993539,-2.10499987751,1.34900012016,0.00600000005215,0.0320000015199,0.0289999991655
176.111911,0.76072519025,-0.291045809885,0.0198730515853,-0.026925038747,0.999479394524,0.00494768473792,0.0170734479771,1.15400000215,-1.95500002056,1.20899977684,0.00400000018999,0.0320000015199,0.0309999994934
176.111957,0.761162098778,-0.290601173099,0.0199462212683,-0.0265763932226,0.999476360326,0.00563048440993,0.017578342317,0.82399995923,-1.97500000149,1.23899998665,-0.00999999977648,0.0240000002086,0.035000000149
176.111971,0.761487445627,-0.290017516092,0.019450759634,-0.0271123644158,0.999455341893,0.00589041245464,0.0178673528485,0.984000045061,-2.16500005871,1.28900017738,-0.0149999996647,0.0320000015199,0.0289999991655
176.151905,0.761391094746,-0.29139520208,0.0192199213677,-0.0268190142187,0.999467449517,0.00516280542788,0.0178578630665,0.813999968767,-1.83499989659,1.31899991035,-0.0120000001043,0.0450000017881,0.0149999996647
176.15194,0.761843776607,-0.29109390107,0.0187228085572,-0.0275757717853,0.999438348304,0.0046215857367,0.0184717540012,0.813999968767,-1.83499989659,1.31899991035,-0.0120000001043,0.0450000017881,0.0149999996647
176.151955,0.762105084531,-0.291228613373,0.018286554136,-0.027442812258,0.999436227275,0.00489949910813,0.0187113487865,0.384000021219,-1.88500008732,1.74899973869,-0.0130000002682,0.0619999989867,0.0240000002086
176.151967,0.761714980254,-0.291222825995,0.0179873238133,-0.0278874914305,0.99943626628,0.00445284751445,0.0181551539621,0.384000021219,-1.88500008732,1.74899973869,-0.0130000002682,0.0619999989867,0.0240000002086
176.154029,0.762101210447,-0.292031397431,0.0181120804348,-0.0274400341235,0.999442178266,0.00414484724104,0.0185794798633,1.67399998307,-1.4450000301,1.59900012016,-0.00600000005215,0.0410000011325,0.00499999988824
176.164018,0.76169700267,-0.291114689473,0.0171428782591,-0.0279745204867,0.999436660766,0.00420112381402,0.0180592878899,1.67399998307,-1.4450000301,1.59900012016,-0.00600000005215,0.0410000011325,0.00499999988824
176.174172,0.761895946754,-0.2911243249,0.0172610875498,-0.0269220233797,0.999465668228,0.00436484350496,0.0180147392858,1.02400000691,-0.924999929965,1.47899975777,-0.00200000009499,0.0289999991655,-0.00200000009499
176.184281,0.761741944714,-0.29082003905,0.0172558171677,-0.0272415763525,0.999457229571,0.0046323111016,0.0179355643694,1.81400008798,-1.89500007778,1.54899992943,-0.0149999996647,0.0460000000894,0.00700000021607
176.223912,0.761665259978,-0.291214392932,0.016189217139,-0.0267831704716,0.999468030319,0.00464090005433,0.0180216590827,1.93399997354,-2.24499998242,1.67900004387,-0.00899999961257,0.0529999993742,0.00800000037998
176.223941,0.76203109451,-0.290756226621,0.0162570050223,-0.026814707024,0.999458730703,0.00468231338606,0.018474118404,2.96399994493,-3.03499994427,1.80900015831,-0.00800000037998,0.0579999983311,0.00800000037998
176.223952,0.76196360009,-0.290803250739,0.0155282449283,-0.0268704179842,0.999456142388,0.00516121150454,0.0184054876768,2.96399994493,-3.03499994427,1.80900015831,-0.00800000037998,0.0579999983311,0.00800000037998
176.263907,0.762300845405,-0.290658623503,0.0152569620968,-0.0271232419663,0.999443525624,0.00487102717236,0.0187947313625,3.38400002122,-2.9450000301,1.45899977684,0.00200000009499,0.0529999993742,-0.00499999988824
176.263968,0.761653155239,-0.290938978878,0.0146145971248,-0.0263847137692,0.999478014843,0.00470192870526,0.0180398611898,3.38400002122,-2.9450000301,1.45899977684,0.00200000009499,0.0529999993742,-0.00499999988824
176.263989,0.762447528798,-0.290717211017,0.0142506576455,-0.0267623956992,0.999450300146,0.00487908366667,0.0189490436957,1.693999964,-2.22500000149,1.80900015831,-0.0010000000475,0.0379999987781,0.0189999993891
176.264006,0.76201695196,-0.291199713668,0.0140662063568,-0.0257080269856,0.999489955558,0.00488464787203,0.0183048163937,1.693999964,-2.22500000149,1.80900015831,-0.0010000000475,0.0379999987781,0.0189999993891
176.26405,0.762410112796,-0.290563615847,0.0135204122226,-0.0259249861291,0.999474874389,0.00508059658226,0.018763211296,1.49399991632,-2.10499987751,2.1990000248,0.00600000005215,0.0450000017881,0.0149999996647
176.303885,0.762115683861,-0.289453585752,0.0127815436964,-0.0268081429374,0.999451081699,0.00578964094744,0.0185832941529,1.65400000215,-1.79499993473,2.11900010109,0.00700000021607,0.0529999993742,0.00499999988824
176.30393,0.762140172776,-0.289581733975,0.0127808558442,-0.0267134568663,0.999454048235,0.00562999975945,0.0186091319482,1.02400000691,-0.904999949038,1.5289999485,-0.00200000009499,0.0689999982715,0.00700000021607
176.30397,0.762993782309,-0.289758533351,0.0130403929827,-0.0263294630417,0.99944216569,0.00571644583613,0.0197342105013,1.13400002122,-0.815000034869,1.47899975777,-0.0130000002682,0.0649999976158,0.01600000076
176.304551,0.762054375246,-0.290810565123,0.0119354356235,-0.0260375451076,0.999475066143,0.00535552257861,0.0185190923621,1.13400002122,-0.815000034869,1.47899975777,-0.0130000002682,0.0649999976158,0.01600000076
176.313502,0.762015056227,-0.290173863536,0.0118768114652,-0.0260029833946,0.999477188027,0.00568989061773,0.0183526731573,1.24400003552,-1.71500001103,1.49899973869,-0.0010000000475,0.0390000008047,0.0149999996647
176.324158,0.761661855847,-0.29174491295,0.0113583500521,-0.0247885437857,0.999519069381,0.00537882804276,0.0178388971126,1.24400003552,-1.71500001103,1.49899973869,-0.0010000000475,0.0390000008047,0.0149999996647
176.333808,0.76228990487,-0.289629211799,0.0113843977288,-0.0261853813489,0.999461367811,0.00612373855292,0.0188095689413,0.154000002146,-2.08499989659,1.31899991035,0.00899999961257,0.0250000003725,0.0120000001043
176.371902,0.761433895551,-0.290009022577,0.0103371891496,-0.0257356114762,0.999496140739,0.00575407076162,0.0176644733554,0.813999968767,-2.91500005871,1.14899983406,-0.0179999992251,0.0540000014007,0.0230000000447
176.371938,0.76215629377,-0.289880863404,0.0107552351862,-0.0264752814669,0.999462370598,0.00541203818714,0.0185671503572,1.23400004506,-2.70500002056,1.15900006294,-0.0140000004321,0.070000000298,0.0320000015199
176.371961,0.761684948161,-0.290899423549,0.00984561670768,-0.0258265904593,0.99948368192,0.00570669161132,0.0182425456387,1.99399991632,-3.44499979168,1.6990000248,-0.00300000002608,0.0640000030398,0.0410000011325
176.411961,0.762255136977,-0.290154556246,0.00986775143975,-0.026106601345,0.999460951806,0.00628875119488,0.018886576984,2.17399998307,-3.60500011593,1.85899987221,-0.00700000021607,0.0590000003576,0.0399999991059
176.412008,0.76169679122,-0.289923614996,0.00905943268009,-0.026361768908,0.999467504099,0.0058944697128,0.0183035684279,1.24400003552,-2.43500003964,1.65900006294,0.00200000009499,0.0460000000894,0.0130000002682
176.41203,0.76296901143,-0.288527475401,0.00971753933028,-0.0267431782394,0.999434068066,0.00635956082483,0.0193881920932,1.24400003552,-2.43500003964,1.65900006294,0.00200000009499,0.0460000000894,0.0130000002682
176.412046,0.761979267027,-0.289337261296,0.00833704535345,-0.0261919206375,0.999467170465,0.00628274635373,0.0184359853166,0.474000054598,-2.73499999195,1.33899989128,0.0010000000475,0.035000000149,0.0120000001043
176.451949,0.761947796653,-0.289113549175,0.00783421340985,-0.0261827702924,0.999463542445,0.00665275900382,0.0185156868907,0.474000054598,-2.73499999195,1.33899989128,0.0010000000475,0.035000000149,0.0120000001043
176.451986,0.761695881922,-0.289073038467,0.00749046862305,-0.0263062995859,0.9994655924,0.00677146061625,0.018183936076,1.81400008798,-3.09499988705,1.62899985313,-0.00899999961257,0.0399999991059,0.0359999984503
176.451998,0.761832679236,-0.289909377126,0.00715218292471,-0.0259580131929,0.999475165562,0.00644113279811,0.0182780410471,1.81400008798,-3.09499988705,1.62899985313,-0.00899999961257,0.0399999991059,0.0359999984503
176.452009,0.762921545974,-0.289184146486,0.00746504556574,-0.0262111664256,0.999448772308,0.00668072420432,0.0192482261646,0.923999983072,-2.91500005871,1.50899996758,0.0109999999404,0.0560000017285,0.0179999992251
176.491891,0.762292367035,-0.289041627615,0.00688212759533,-0.0258914633021,0.99947047853,0.0065114594614,0.0186009561784,1.26400001645,-2.5549999252,1.63900008202,0.00499999988824,0.0540000014007,0.0120000001043
176.491925,0.76168876778,-0.288183726865,0.00630116884319,-0.0265550386347,0.999462197051,0.00677605921214,0.0180064324652,0.82399995923,-2.12500009686,1.54899992943,0.0,0.0469999983907,0.0149999996647
176.491941,0.761691027653,-0.289015316962,0.00590981780309,-0.0260748347913,0.999475203042,0.00665532781218,0.0180313090413,1.07399995923,-1.92500004917,1.55900015831,0.00400000018999,0.0469999983907,0.0189999993891
176.491983,0.761664372236,-0.288399854388,0.00506077096807,-0.0259739968611,0.999480885317,0.00670371369278,0.0178429705116,1.07399995923,-1.92500004917,1.55900015831,0.00400000018999,0.0469999983907,0.0189999993891
176.531878,0.762195708862,-0.289916903541,0.00541186442752,-0.025825537555,0.999476677431,0.00615288150387,0.0184812048198,1.15400000215,-1.1649999395,1.09900012016,-0.00300000002608,0.0560000017285,0.00800000037998
176.531909,0.762029169695,-0.289626385555,0.0045614559234,-0.0265272550953,0.999461945515,0.00600232065722,0.0183329307834,1.15400000215,-1.1649999395,1.09900012016,-0.00300000002608,0.0560000017285,0.00800000037998
176.531965,0.762519766475,-0.289123747898,0.00469732367172,-0.0262992483126,0.999452968558,0.00623987639231,0.0190572065272,1.193999964,-3.585000135,1.22899975777,-0.0270000007004,0.0619999989867,0.0540000014007
176.531994,0.761372524798,-0.289844880122,0.0037618908862,-0.026141514953,0.999480454726,0.00593302581709,0.0178952792869,1.193999964,-3.585000135,1.22899975777,-0.0270000007004,0.0619999989867,0.0540000014007
176.571896,0.761512928979,-0.28910814474,0.00359098487716,-0.0273229021618,0.999447584795,0.00597986320873,0.0179506406901,1.943999964,-1.1950000301,-0.00100026130676,-0.00300000002608,0.0860000029206,0.019999999553
176.571921,0.761680588936,-0.289024677447,0.00365141586334,-0.0270350450838,0.999453449296,0.00600366965771,0.0180517305982,2.13400002122,-1.47500000149,-1.16100010872,-0.00200000009499,0.0960000008345,0.00899999961257
176.571933,0.761232999367,-0.290016366256,0.002958637722,-0.0265237906452,0.999479245444,0.00588667141318,0.0174090078985,1.61400004029,-1.54499993473,-2.0509999752,0.0439999997616,0.136999994516,0.0219999998808
176.571962,0.761889950817,-0.289798334966,0.00319753174176,-0.0267868457623,0.999463296786,0.0055866526857,0.0180103465739,1.8340000689,-1.3049999252,-2.82099995613,0.0640000030398,0.119999997318,0.0329999998212
176.611889,0.762381423651,-0.290144267072,0.00394179759095,-0.0267043283668,0.99945914466,0.00505116019846,0.0185143939387,1.8340000689,-1.3049999252,-2.82099995613,0.0640000030398,0.119999997318,0.0329999998212
176.611925,0.761922214755,-0.289322284085,0.00370982821245,-0.0270449574937,0.999452531442,0.0055421463253,0.0182343709033,1.86400004029,-2.45500002056,-3.82100007534,0.0989999994636,0.168999999762,0.0430000014603
176.611939,0.762267030577,-0.289922143001,0.00355060847474,-0.0267608603338,0.999454560537,0.00536342030121,0.0185922429699,1.86400004029,-2.45500002056,-3.82100007534,0.0989999994636,0.168999999762,0.0430000014603
176.611952,0.762762475222,-0.289641727684,0.00362226346379,-0.026571445673,0.999450462862,0.00529528952403,0.0190968706682,1.64400001168,-4.01499996334,-3.52100000381,0.149000003934,0.219999998808,0.054999999702
176.651868,0.763101471732,-0.288342694357,0.00402455244938,-0.0279140361954,0.999406371411,0.00531921867763,0.0194786364604,1.64400001168,-4.01499996334,-3.52100000381,0.149000003934,0.219999998808,0.054999999702
176.651898,0.762713743329,-0.289629871709,0.00372534975996,-0.027176956324,0.999438706702,0.0053485829015,0.0188434936416,1.80400009751,-3.23499999195,-2.89100012779,0.150999993086,0.280999988317,0.0740000009537
176.651913,0.762173287854,-0.288803449431,0.00332018221811,-0.0271420673405,0.99944724348,0.00545137142621,0.0184064724865,1.68399997354,-2.92500004917,-2.67100009918,0.144999995828,0.279000014067,0.0850000008941
176.651922,0.763694152095,-0.289296239129,0.0043890156254,-0.0271841686895,0.999411402089,0.005160208924,0.0202791171281,1.41399999261,-2.87500009686,-2.65100011826,0.135000005364,0.296000003815,0.0839999988675
176.691928,0.762572373591,-0.288804684875,0.00338481654421,-0.0275351123986,0.999431821336,0.00502134718857,0.0187786623005,1.21399994493,-3.24499998242,-2.52100000381,0.134000003338,0.298999994993,0.0920000001788
176.691958,0.763048211662,-0.289662412736,0.00385858463929,-0.0267647197894,0.999438391667,0.00525510718751,0.0194662499242,1.21399994493,-3.24499998242,-2.52100000381,0.134000003338,0.298999994993,0.0920000001788
176.691982,0.761737088147,-0.290269913857,0.00280201515131,-0.0268412425366,0.9994668483,0.00449510451145,0.0180377627399,1.67399998307,-2.97500000149,-2.19100008011,0.119000002742,0.291000008583,0.112000003457
176.692032,0.76312076017,-0.288891749932,0.00351715733896,-0.0273852440235,0.999425024744,0.00462829971625,0.0194485774926,1.67399998307,-2.97500000149,-2.19100008011,0.119000002742,0.291000008583,0.112000003457
176.731886,0.762806062736,-0.288763669274,0.00344730685639,-0.0280500387295,0.999412707155,0.00486236973809,0.0190733705912,0.314000028372,-3.73499975353,-2.46100006104,0.127000004053,0.289999991655,0.082999996841
176.731922,0.762699112418,-0.289545860703,0.00315946767392,-0.0274321812235,0.999437983536,0.00388147297074,0.0188713186051,0.314000028372,-3.73499975353,-2.46100006104,0.127000004053,0.289999991655,0.082999996841
176.731958,0.762893431422,-0.289163060265,0.00311669317805,-0.0278039544412,0.999418079547,0.00443068963013,0.0192564633581,2.71399994493,-3.46499977261,-2.51100001335,0.165000006557,0.282999992371,0.0909999981523
176.732008,0.762541743442,-0.28947463837,0.00264914835658,-0.0277157558347,0.999431015353,0.00405693361509,0.018788925412,2.7739998877,-2.68500003964,-3.07099995613,0.141000002623,0.293000012636,0.0860000029206
176.771879,0.762747663765,-0.289124838962,0.00276716583562,-0.0277444856677,0.999426691176,0.00421334571577,0.0189414940677,3.66400023103,-1.81499991566,-3.51100001335,0.126000002027,0.284000009298,0.0839999988675
176.771931,0.762824509843,-0.28974566447,0.00277060866066,-0.027858354743,0.999423305058,0.00343528075864,0.0191093752905,3.60399981141,-2.04499993473,-3.62100002766,0.0769999995828,0.305999994278,0.0960000008345
176.77196,0.763442584809,-0.288621706535,0.00211560691509,-0.0274608659209,0.999417961924,0.00418109020231,0.0198029470358,3.60399981141,-2.04499993473,-3.62100002766,0.0769999995828,0.305999994278,0.0960000008345
176.772001,0.763872062402,-0.289298791907,0.00309210981986,-0.0266135297598,0.999432622274,0.00357819998968,0.0203310120843,3.34400005937,-3.20500002056,-4.54100004435,0.0920000001788,0.338999986649,0.126000002027
176.811899,0.76363252378,-0.289404996316,0.00240102697597,-0.026224896809,0.999449814097,0.00379053729897,0.0199488274384,3.34400005937,-3.20500002056,-4.54100004435,0.0920000001788,0.338999986649,0.126000002027
176.811945,0.762686563886,-0.289311105745,0.00186967899723,-0.0267998002489,0.999453173001,0.00369111931051,0.0190131881366,4.10399981141,-3.335000135,-5.19100005031,0.165000006557,0.41400000453,0.131999999285
176.811976,0.764568317208,-0.288181838272,0.00271750921896,-0.0272798843512,0.999400018116,0.00387894404337,0.0209848872208,3.68400021195,-3.46499977261,-5.35100005418,0.22499999404,0.467999994755,0.136000007391
176.812142,0.764041035664,-0.289799007313,0.00241695056272,-0.0261955096035,0.99944209346,0.0037266261642,0.0203815935038,3.60399981141,-3.68500003964,-5.16100004911,0.21400000155,0.488000005484,0.134000003338
176.851901,0.763677883779,-0.289313555667,0.00263007497044,-0.0271006476221,0.999426309793,0.00323200610892,0.0200539354927,3.57400007844,-3.6349998489,-5.03100005388,0.219999998808,0.499000012875,0.134000003338
176.851936,0.763499327732,-0.288551300552,0.00211258249503,-0.0274399204926,0.999422019051,0.00372345410684,0.0197183794477,3.20399995446,-3.1950000301,-4.8310000658,0.202999994159,0.521000027657,0.125
176.851968,0.764450642083,-0.288867078733,0.0024839109164,-0.027065541643,0.999412767943,0.00347027191817,0.0207251765166,2.87400003076,-3.43500003964,-4.59100005627,0.204999998212,0.526000022888,0.130999997258
176.852024,0.764284096239,-0.289673007301,0.00248268112098,-0.0270732885534,0.99941574193,0.00312598191973,0.0206261985375,2.87400003076,-3.43500003964,-4.59100005627,0.204999998212,0.526000022888,0.130999997258
176.893961,0.763395090992,-0.289409247845,0.00245481028788,-0.026747912992,0.999440854036,0.00326869517099,0.0197950515743,2.85400004983,-3.8049999252,-4.84100005627,0.20000000298,0.540000021458,0.142000004649
176.893991,0.763134867243,-0.288054718428,0.00193373641567,-0.0274079616828,0.999428489868,0.0037299798278,0.0194315343414,2.85400004983,-3.8049999252,-4.84100005627,0.20000000298,0.540000021458,0.142000004649
176.894004,0.7638959869,-0.2893500061,0.00246432849666,-0.0275564176674,0.999414305442,0.00287508502642,0.0200854128706,3.42399998307,-3.02499995381,-5.64100005329,0.21400000155,0.495999991894,0.131999999285
176.894032,0.763794294599,-0.288686373794,0.00246221915458,-0.0278062537126,0.999404901373,0.00315274115829,0.0201671908926,3.51400013566,-2.62500009686,-5.8310000658,0.223000004888,0.479999989271,0.138999998569
176.931973,0.763284969282,-0.288795528957,0.00171683730249,-0.0274842131954,0.999424596492,0.00324335624956,0.0196105734871,4.17399998307,-2.06499991566,-6.13100007772,0.231999993324,0.486999988556,0.133000001311
176.932005,0.763844813729,-0.288246770406,0.00190390791614,-0.0277368390089,0.999404847379,0.00344035161298,0.0202183772519,4.88400002122,-2.38500008732,-6.49100003242,0.238000005484,0.499000012875,0.131999999285
176.932017,0.763766266644,-0.289163889488,0.00190311402305,-0.0278528646245,0.999404461865,0.00262386766166,0.0202003676804,4.88400002122,-2.38500008732,-6.49100003242,0.238000005484,0.499000012875,0.131999999285
176.932493,0.764304559171,-0.288893058824,0.00192037070374,-0.0273327885734,0.999407247976,0.00306564499024,0.0207044242447,3.59400005937,-3.37500009686,-6.8310000658,0.298999994993,0.533999979496,0.138999998569
176.934457,0.763421051545,-0.28885401651,0.00182901504612,-0.0278123129012,0.999415710411,0.00288352946173,0.0196570163831,3.59400005937,-3.37500009686,-6.8310000658,0.298999994993,0.533999979496,0.138999998569
176.944918,0.763958035074,-0.289045944686,0.00269634602988,-0.0276944399933,0.999406703275,0.00248565103882,0.0203243937615,4.09400005937,-2.86499986798,-6.23100004196,0.301999986172,0.535000026226,0.143999993801
176.983935,0.763498619726,-0.289042647885,0.00200294138037,-0.0270146595654,0.999435699167,0.00285221553221,0.0197574356972,3.86400004029,-3.24499998242,-5.62100005746,0.282000005245,0.518999993801,0.148000001907
176.983994,0.763978797656,-0.288912097293,0.00201422750087,-0.0277526147292,0.999407743517,0.00276601877226,0.0201569768127,3.7739998877,-3.35500011593,-5.5110000506,0.270000010729,0.528999984264,0.155000001192
176.984137,0.763614257338,-0.288964455094,0.00223382234147,-0.0271081660146,0.999429878789,0.00294273301028,0.0199099231748,4.01400013566,-3.17500004917,-5.27100004852,0.273999989033,0.532999992371,0.158999994397
177.023918,0.764201210813,-0.288428494501,0.00287128505185,-0.0274643553873,0.999408144418,0.00278719725235,0.0205256324262,3.88400002122,-3.02499995381,-4.64100006819,0.248999997973,0.564999997616,0.162000000477
177.02396,0.764626247606,-0.288541357905,0.00254618137674,-0.02817211332,0.999379502423,0.00267613808924,0.0209709430376,2.91399999261,-3.7550002113,-4.50100002289,0.246000006795,0.569000005722,0.180999994278
177.024033,0.764074572714,-0.288774991113,0.00264034402963,-0.0277540104416,0.999403506359,0.00268139104951,0.0203753901741,2.91399999261,-3.7550002113,-4.50100002289,0.246000006795,0.569000005722,0.180999994278
177.024059,0.764312318527,-0.288847065475,0.00276572162692,-0.0281106726665,0.999385616433,0.0025222093359,0.0207802360428,2.56400008798,-3.44499979168,-4.26100001335,0.239999994636,0.568000018597,0.17499999702
177.024071,0.76392920618,-0.289290947273,0.00241625307427,-0.0270225696166,0.999422859103,0.00260605379421,0.0204190577206,2.56400008798,-3.44499979168,-4.26100001335,0.239999994636,0.568000018597,0.17499999702
177.063914,0.763301315902,-0.288042079965,0.001986305926,-0.028548157137,0.999401355848,0.00276354128746,0.0193467178629,2.17399998307,-3.35500011593,-4.48100004196,0.236000001431,0.532000005245,0.171000003815
177.063949,0.76334804143,-0.288439921486,0.00255525617746,-0.0280416342544,0.999413004248,0.00254190568088,0.019515440161,2.17399998307,-3.35500011593,-4.48100004196,0.236000001431,0.532000005245,0.171000003815
177.064016,0.762850727508,-0.289130111627,0.00191140556087,-0.0276353243268,0.999441973178,0.00206396837126,0.018648622836,2.20399995446,-3.46499977261,-4.38100001812,0.208000004292,0.437999993563,0.16099999845
177.06403,0.762548361251,-0.289234635103,0.00247504756281,-0.0272489985133,0.999453749541,0.00211100217889,0.0185805887672,1.80400009751,-2.91500005871,-4.62100002766,0.236000001431,0.384000003338,0.133000001311
177.074631,0.762921150384,-0.289155111509,0.00230539402538,-0.027789899785,0.99943725978,0.00221169926428,0.0186545871013,1.7739998877,-3.13500008732,-4.70100007057,0.199000000954,0.330000013113,0.108999997377
177.083707,0.763183009295,-0.288566416931,0.0024862373637,-0.0277881711029,0.999428929993,0.00236523468936,0.0190797563978,2.20399995446,-3.32499990612,-4.66100004911,0.209999993443,0.310000002384,0.101999998093
177.094014,0.762829887176,-0.287803530064,0.0023072318628,-0.0290976776061,0.999397065323,0.0023521623483,0.0187962313742,2.20399995446,-3.32499990612,-4.66100004911,0.209999993443,0.310000002384,0.101999998093
177.131966,0.76274424131,-0.288478783093,0.00225041408145,-0.028298415301,0.999421411017,0.00237396563361,0.0187191661095,2.35400004983,-4.91500005871,-4.39100000858,0.216999992728,0.324000000954,0.115000002086
177.132005,0.763134050845,-0.288266769594,0.00281950933131,-0.0283302013167,0.999415107611,0.0023412343043,0.0190094974662,2.35400004983,-4.91500005871,-4.39100000858,0.216999992728,0.324000000954,0.115000002086
177.132018,0.76235975848,-0.288561563132,0.00206422359865,-0.0281084418904,0.999438514395,0.00220503985008,0.0181027411823,1.88400002122,-4.24499998242,-4.41100010872,0.239999994636,0.347999989986,0.127000004053
177.171944,0.763461584414,-0.288901084174,0.00244130418651,-0.0283381642398,0.999407154187,0.00212110508906,0.019436808393,1.88400002122,-4.24499998242,-4.41100010872,0.239999994636,0.347999989986,0.127000004053
177.171987,0.763605434166,-0.288999503377,0.00294773210492,-0.0276626712813,0.999425889114,0.00224266685156,0.0194329419125,1.42399998307,-4.85500011593,-3.64100000858,0.229000002146,0.375,0.12800000608
177.172014,0.762895525795,-0.288384836432,0.00242466610748,-0.028466388588,0.999414482888,0.00201897020911,0.0188753774545,1.96399994493,-4.34499988705,-3.45100007057,0.215000003576,0.375999987125,0.123999997973
177.172043,0.763577108304,-0.289382546818,0.00300507855393,-0.0280928740097,0.99941455977,0.00156565729055,0.019464759626,1.96399994493,-4.34499988705,-3.45100007057,0.215000003576,0.375999987125,0.123999997973
177.211911,0.763065895856,-0.288607547743,0.0023744546377,-0.028541004264,0.999409431722,0.00159905392335,0.0190693966311,2.5840000689,-3.74499998242,-3.37100014687,0.192000001669,0.388999998569,0.150999993086
177.211957,0.763560080946,-0.289226428204,0.00249772092365,-0.0277741149879,0.99942398119,0.00163893041625,0.0194324024965,3.193999964,-4.06500015408,-3.53099999428,0.209000006318,0.372999995947,0.158000007272
177.211979,0.763226621801,-0.288779863686,0.0020936146458,-0.0287987743814,0.999399861034,0.00156462424386,0.0191859404582,3.34400005937,-3.91500005871,-3.84100005627,0.221000000834,0.370999991894,0.145999997854
177.212005,0.762888394361,-0.288155226559,0.00230150338756,-0.0289762519088,0.999403959056,0.00201840927059,0.0186555480328,3.57400007844,-3.86499986798,-4.10100004673,0.248999997973,0.354999989271,0.142000004649
177.214005,0.763058870253,-0.288377898693,0.00225110971651,-0.0294340229049,0.999387702068,0.00159106784748,0.0188501393485,3.06400008798,-4.3049999252,-4.2210000515,0.266000002623,0.360000014305,0.143000006676
177.223227,0.762464208975,-0.288107239426,0.00195473639885,-0.0294660279559,0.999395407337,0.0015975560878,0.0183853421267,3.06400008798,-4.3049999252,-4.2210000515,0.266000002623,0.360000014305,0.143000006676
177.233806,0.762317364917,-0.288743423893,0.00194858068691,-0.0291524309971,0.99941051846,0.00125038057955,0.018088336203,2.86400004029,-4.94499979168,-4.45100007057,0.270999997854,0.358000010252,0.12800000608
177.243579,0.762617282731,-0.288309151541,0.00218081271555,-0.0293677969569,0.999395968294,0.00166224519204,0.0185058909838,2.0840000689,-4.31500015408,-4.56100002527,0.259999990463,0.365999996662,0.123999997973
177.279893,0.762813717514,-0.288111009221,0.00219185988564,-0.0292835754051,0.999393381414,0.00125471018107,0.0188086974255,2.0840000689,-4.31500015408,-4.56100002527,0.259999990463,0.365999996662,0.123999997973
177.279952,0.763065013871,-0.288572200664,0.00259095591689,-0.0294153686165,0.999387687808,0.000961922877067,0.0189224800273,3.2739998877,-3.5549999252,-4.61100003719,0.240999996662,0.354999989271,0.112999998033
177.279982,0.76317585034,-0.289212592748,0.00237022451238,-0.0282353057119,0.999420563716,0.000949382192539,0.0189842831382,3.2739998877,-3.5549999252,-4.61100003719,0.240999996662,0.354999989271,0.112999998033
177.319872,0.763199033028,-0.288810183968,0.00259664293245,-0.0292240680301,0.999389672372,0.000991567297729,0.0191116037788,3.193999964,-4.43500003964,-3.88100001812,0.223000004888,0.361999988556,0.108999997377
177.31991,0.763356780017,-0.288320105543,0.00231521795491,-0.0293821542125,0.999383206288,0.00113283832585,0.0191992885227,3.193999964,-4.43500003964,-3.88100001812,0.223000004888,0.361999988556,0.108999997377
177.319928,0.763247962867,-0.288984100009,0.00231943499075,-0.0285162886278,0.999407979203,0.00131080030792,0.0192040149846,2.87400003076,-4.03499994427,-3.95100007057,0.204999998212,0.372999995947,0.130999997258
177.320006,0.763162451913,-0.288336995116,0.00231409482691,-0.0293821264389,0.999386220647,0.00112277464147,0.019042373891,2.67399998307,-3.79500017315,-3.98100004196,0.202000007033,0.379000008106,0.128999993205
177.359908,0.762861532265,-0.287443611491,0.0020215864759,-0.0299523924354,0.999374902697,0.00134090749785,0.0187312576583,2.38400002122,-3.44499979168,-3.80100009441,0.203999996185,0.38299998641,0.129999995232
177.359949,0.763001431707,-0.28851242694,0.00196451642916,-0.0292934803729,0.999397612494,0.000749532833985,0.0185941482401,2.15400000215,-3.335000135,-3.71100006104,0.211999997497,0.384999990463,0.143999993801
177.359977,0.762897069738,-0.288589968172,0.00264640588551,-0.029156636558,0.999397156151,0.00108922356042,0.018815642796,2.15400000215,-3.335000135,-3.71100006104,0.211999997497,0.384999990463,0.143999993801
177.359995,0.7626340217,-0.288810692012,0.0019599096634,-0.0282943610663,0.99942787067,0.00117238199132,0.0184928629641,2.45399995446,-4.085000135,-3.86100003719,0.209999993443,0.386999994516,0.140000000596
177.39989,0.762515428087,-0.288227583191,0.0017289627854,-0.0286763379696,0.999420215603,0.00124554145844,0.0183125342624,2.45399995446,-4.085000135,-3.86100003719,0.209999993443,0.386999994516,0.140000000596
177.399932,0.762652737124,-0.287613690784,0.00195910742134,-0.0295362307787,0.999392263973,0.00133598445834,0.0184642608236,2.64400001168,-4.84499988705,-4.0810000658,0.226999998093,0.363999992609,0.144999995828
177.399979,0.762697751714,-0.288670678117,0.00201688093951,-0.0289019027895,0.999409069452,0.00114064721524,0.0185712367888,2.64400001168,-4.84499988705,-4.0810000658,0.226999998093,0.363999992609,0.144999995828
177.400041,0.762734660372,-0.288337762361,0.00218967530443,-0.0290547142772,0.999403428557,0.00141737466456,0.0186172397366,1.71399994493,-3.22500000149,-4.46100006104,0.230000004172,0.352999985218,0.135000005364
177.439907,0.762895828411,-0.289845390985,0.00225192462195,-0.0278161027136,0.999436079781,0.00110535996242,0.0187767154167,1.70399995446,-3.02499995381,-4.66100004911,0.228000000119,0.351000010967,0.115000002086
177.439948,0.763099214684,-0.288610243606,0.00248371311172,-0.0286136539766,0.999407491479,0.00120492893462,0.0190911740642,1.70399995446,-3.02499995381,-4.66100004911,0.228000000119,0.351000010967,0.115000002086
177.439975,0.762676096923,-0.288466259468,0.00179105683343,-0.0289928630971,0.999406451954,0.00139840894773,0.0185526853671,1.91399999261,-1.87500009686,-4.48100004196,0.217999994755,0.358000010252,0.112000003457
177.439993,0.763168931258,-0.289535866392,0.00237148184457,-0.028264886349,0.999416973842,0.00108881982429,0.0191212726626,1.34400005937,-2.23499999195,-4.43100008965,0.217999994755,0.365000009537,0.118000000715
177.479892,0.763838799664,-0.28885151027,0.00278678840831,-0.0278155347265,0.999417292372,0.00124648655654,0.0197438093235,1.28399999738,-2.56499991566,-4.34100005627,0.202999994159,0.379000008106,0.126000002027
177.47994,0.76316541699,-0.288387680552,0.0025892211273,-0.0287042018849,0.999409172106,0.0013103215508,0.0188589120199,1.28399999738,-2.56499991566,-4.34100005627,0.202999994159,0.379000008106,0.126000002027
177.479962,0.76265714292,-0.288149799046,0.00201581937325,-0.0287027408089,0.999415429846,0.00147024651372,0.0185145788993,1.13400002122,-2.20500002056,-3.81100008488,0.189999997616,0.38299998641,0.119000002742
177.480024,0.763990939232,-0.288920598769,0.00278618559622,-0.0280698404335,0.999410301063,0.00125696167112,0.0197371283243,1.13400002122,-2.20500002056,-3.81100008488,0.189999997616,0.38299998641,0.119000002742
177.519928,0.763529782899,-0.288112510713,0.00294452478894,-0.0289628059517,0.999391135564,0.00125388143828,0.0194149892595,1.70399995446,-3.39500007778,-3.51100001335,0.201000005007,0.377999991179,0.123000003397
177.519972,0.7627047383,-0.288480846439,0.00224215684798,-0.0287112680478,0.999414845839,0.00105105004922,0.0185613656977,1.92399998307,-3.68500003964,-3.59100005627,0.197999998927,0.36700001359,0.112000003457
177.520007,0.762693490272,-0.288489694199,0.00207162216189,-0.0283224943917,0.99942759596,0.00129611376706,0.0184563494376,2.14400001168,-3.79500017315,-3.88100001812,0.206000000238,0.361999988556,0.104999996722
177.520023,0.76299879877,-0.288824582981,0.00208325372913,-0.0286142514633,0.99941182729,0.00119031159616,0.0188628535436,2.23399992585,-3.84499988705,-4.09100005627,0.215000003576,0.363000005484,0.112999998033
177.559881,0.763188812308,-0.288596747011,0.00254133714412,-0.02855419999,0.999407368828,0.00102619293647,0.0191967633559,1.21399994493,-2.62500009686,-3.92100009918,0.217999994755,0.358999997377,0.112999998033
177.559926,0.76245240447,-0.288500497311,0.00189864302701,-0.028482748647,0.999424751397,0.00131702584284,0.0183620469561,0.524000006914,-2.07499990612,-3.80100009441,0.222000002861,0.358999997377,0.109999999404
177.559949,0.763076719441,-0.287564587264,0.0023647912546,-0.0295065129035,0.999385075692,0.00124041255538,0.0189023161923,0.524000006914,-2.07499990612,-3.80100009441,0.222000002861,0.358999997377,0.109999999404
177.560019,0.763152925614,-0.28945939638,0.00260202197664,-0.0283655088739,0.999413385339,0.000857566278812,0.0191715333544,1.64400001168,-3.29500017315,-4.20100007057,0.221000000834,0.363000005484,0.118000000715
177.599908,0.762659903586,-0.288937337556,0.00196045665315,-0.0289688644703,0.999408204434,0.00100032263344,0.0185214782139,1.79400010705,-3.39500007778,-4.30100009441,0.230000004172,0.361000001431,0.125
177.599938,0.76288255192,-0.288254612184,0.00224707112699,-0.0295479563403,0.999389213507,0.000768667729799,0.0186420855112,1.75399990678,-3.43500003964,-4.26100001335,0.233999997377,0.360000014305,0.12800000608
177.599976,0.763125301831,-0.288478170634,0.0023136303148,-0.028516021177,0.999411644615,0.00129183701235,0.0190140027945,1.75399990678,-3.43500003964,-4.13100001812,0.230000004172,0.370000004768,0.130999997258
177.600001,0.762640621972,-0.288746553553,0.0021293918917,-0.0286534568073,0.999418604218,0.000780742178031,0.0184614029183,1.75399990678,-3.43500003964,-4.13100001812,0.230000004172,0.370000004768,0.130999997258
177.639874,0.763319588016,-0.288461365515,0.00231474718073,-0.0283244420675,0.999414083012,0.00130564173287,0.0191706014235,2.00399990678,-2.08499989659,-3.99100003242,0.218999996781,0.368999987841,0.115000002086
177.639922,0.7630101498,-0.288556851882,0.00208317952689,-0.0288058917386,0.999406323887,0.00119359266434,0.0188625478567,2.00399990678,-2.08499989659,-3.99100003242,0.218999996781,0.368999987841,0.115000002086
177.639952,0.763198611443,-0.288935721001,0.0025408242329,-0.0286239835375,0.99940771497,0.000711315782904,0.0190887625451,2.39400001168,-1.51499996334,-3.85100004673,0.206000000238,0.370999991894,0.12800000608
177.640026,0.763158648363,-0.287674818599,0.00231340640697,-0.0285160392608,0.99941164981,0.00131270388584,0.0190122733485,2.39400001168,-1.51499996334,-3.85100004673,0.206000000238,0.370999991894,0.12800000608
177.679925,0.763568714452,-0.288620909645,0.00255110712756,-0.0286098282878,0.999399189123,0.0014187512037,0.019512192346,2.53400011659,-2.45500002056,-3.98100004196,0.190999999642,0.375,0.112000003457
177.679962,0.762767397801,-0.288274437994,0.00241543593585,-0.0283887900715,0.99942255527,0.00117722136821,0.018634558376,2.53400011659,-2.45500002056,-3.98100004196,0.190999999642,0.375,0.112000003457
177.679976,0.762951530498,-0.288138088677,0.00174547885257,-0.028677145952,0.999409523082,0.00134491204437,0.018879027659,2.91399999261,-2.49499998242,-3.90099999905,0.189999997616,0.381999999285,0.115000002086
177.680014,0.763081120082,-0.288101152684,0.00242153661763,-0.0290562865008,0.999397138972,0.00136733370169,0.0189531324025,2.89400001168,-2.29499993473,-3.82100007534,0.197999998927,0.375,0.129999995232
177.719865,0.763129539094,-0.288659099822,0.0022589355037,-0.0290954658534,0.999392941675,0.00113610465032,0.0191288071707,2.50399990678,-2.58499989659,-3.88100001812,0.194999992847,0.368000000715,0.131999999285
177.719889,0.762635191207,-0.287112152191,0.00218013722784,-0.0290766698931,0.999404724705,0.00185425439572,0.0184744484367,1.74399991632,-2.4450000301,-4.17100009918,0.199000000954,0.358999997377,0.120999999344
177.719931,0.763284215043,-0.287453674876,0.00248787523835,-0.0291592410719,0.999390856285,0.00110860339742,0.0191422577666,1.74399991632,-2.4450000301,-4.17100009918,0.199000000954,0.358999997377,0.120999999344
177.719961,0.763475235912,-0.28864512989,0.00237568792146,-0.0286114906333,0.999403908216,0.00131127220002,0.0192741124662,1.59400005937,-2.92500004917,-4.19100008011,0.21099999547,0.356000006199,0.115000002086
177.759893,0.763656669366,-0.288955584563,0.0024372695626,-0.0282315971582,0.999412360305,0.0011701603285,0.0194046828308,1.59400005937,-2.92500004917,-4.19100008011,0.21099999547,0.356000006199,0.115000002086
177.759936,0.763525844014,-0.289090761352,0.00266400240802,-0.0280778778992,0.999416474004,0.00089835164329,0.0194303172197,1.17399998307,-3.03499994427,-4.15099999905,0.216999992728,0.361000001431,0.109999999404
177.759975,0.763277526792,-0.289158533523,0.00203865975262,-0.0285899222375,0.999405995766,0.000957996274521,0.019218590378,0.423999983072,-3.3049999252,-4.03099999428,0.224000006914,0.365000009537,0.111000001431
177.760032,0.763984717181,-0.288465411361,0.00268129731856,-0.0288455193551,0.999383347621,0.000996926943361,0.0199966659157,0.384000021219,-4.21499977261,-3.89100000858,0.236000001431,0.372000008821,0.120999999344
177.799912,0.763241028929,-0.287918266084,0.0024887162912,-0.0290892686538,0.999390426511,0.00140239785554,0.0192515746765,0.484000045061,-3.62500009686,-3.99100003242,0.226999998093,0.374000012875,0.116999998689
177.799955,0.763001380904,-0.288712208211,0.00253397623033,-0.0280413559302,0.99942863167,0.00100837717827,0.0188434532527,0.484000045061,-3.62500009686,-3.99100003242,0.226999998093,0.374000012875,0.116999998689
177.799981,0.763061170476,-0.287295831225,0.00230819651273,-0.0293818410196,0.999389853501,0.00111738408531,0.0188515142663,0.583999949694,-3.90499982983,-3.9710000515,0.217999994755,0.377999991179,0.108000002801
177.800057,0.763095398826,-0.288362382781,0.00219542849377,-0.0285502903045,0.999413862341,0.00116318895205,0.0188536382342,0.583999949694,-3.90499982983,-3.9710000515,0.217999994755,0.377999991179,0.108000002801
177.803851,0.762950025475,-0.288392178192,0.00218988289487,-0.0289332579419,0.999406431135,0.00112293147813,0.0186652354617,2.63400002122,-3.73499975353,-3.70100007057,0.20000000298,0.374000012875,0.119000002742
177.813496,0.762943577848,-0.288167957335,0.00225219903235,-0.0288959869733,0.999403014972,0.00143286914537,0.0188833918479,2.63400002122,-3.73499975353,-3.70100007057,0.20000000298,0.374000012875,0.119000002742
177.85195,0.763155626815,-0.287912825522,0.00180672393707,-0.0286805657624,0.999407131914,0.001210389352,0.0190090711149,3.31400008798,-3.5549999252,-3.95100007057,0.196999996901,0.379999995232,0.12800000608
177.851992,0.763314094365,-0.289373168323,0.00215047277196,-0.0278513778565,0.999427418872,0.00108244977033,0.0191823737263,3.693999964,-3.28499994427,-4.00100002289,0.194999992847,0.377999991179,0.128999993205
177.85201,0.763293680698,-0.288334756112,0.00231424483203,-0.0284165303186,0.999411783775,0.00146339465918,0.0191427723067,4.26400013566,-2.95500002056,-4.01100001335,0.193000003695,0.384999990463,0.123999997973
177.891897,0.763322463408,-0.288701605356,0.00232040688107,-0.0285238712122,0.999407064412,0.00100573992323,0.0192586827417,3.59400005937,-2.6950000301,-3.91100010872,0.196999996901,0.384000003338,0.122000001371
177.89194,0.763421597885,-0.288968458934,0.00277639399247,-0.0280433490623,0.999417909711,0.00100087595166,0.0194013033207,3.59400005937,-2.6950000301,-3.91100010872,0.196999996901,0.384000003338,0.122000001371
177.891972,0.762754367328,-0.288173314707,0.0019095589049,-0.0288665396771,0.999406642099,0.0013828639193,0.0187396452261,3.43400021195,-3.31500015408,-3.78099999428,0.208000004292,0.377999991179,0.115000002086
177.89199,0.76282479492,-0.287843349079,0.00219178522613,-0.0290919495485,0.999398979802,0.00126519374556,0.0188078953537,3.43400021195,-3.31500015408,-3.78099999428,0.208000004292,0.377999991179,0.115000002086
177.931923,0.763135360572,-0.288950232424,0.00253964178603,-0.028616590104,0.999408712556,0.00102361370613,0.0190333458424,2.74399991632,-3.17500004917,-4.07100007534,0.208000004292,0.368999987841,0.101000003517
177.931964,0.762994425488,-0.288902273089,0.00230864414462,-0.0284236387242,0.99941755373,0.0010940944142,0.0188534616127,2.74399991632,-3.17500004917,-4.07100007534,0.208000004292,0.368999987841,0.101000003517
177.932003,0.763058249105,-0.288503499255,0.00219497910237,-0.0282591097268,0.999422464504,0.00132134893505,0.0188258917396,1.91399999261,-3.20500002056,-3.99100003242,0.207000002265,0.368000000715,0.0939999967813
177.932025,0.762798202805,-0.288197740242,0.00224663067935,-0.0287041036933,0.999412141663,0.00140343376413,0.018694274554,1.45399995446,-2.74499998242,-3.94100008011,0.207000002265,0.368999987841,0.0909999981523
177.9719,0.763406692448,-0.288699435011,0.00271989309548,-0.028685178172,0.999400790667,0.000863418740896,0.0193513481354,2.46399994493,-4.3849998489,-3.73100004196,0.202000007033,0.375,0.123000003397
177.971935,0.763356066872,-0.287898026328,0.00232018334619,-0.0290987865676,0.999390495852,0.00101581071057,0.019257869801,2.30400009751,-4.68500003964,-3.71100006104,0.208000004292,0.384999990463,0.137999996543
177.971947,0.762761382111,-0.288271963508,0.00190322976347,-0.0283540038807,0.999424991234,0.00137492001521,0.0185431107409,2.30400009751,-4.68500003964,-3.71100006104,0.208000004292,0.384999990463,0.137999996543
177.971994,0.763101954995,-0.289139295089,0.00225785226964,-0.0284909222201,0.999413114701,0.000986644644243,0.0189926314122,3.54399986863,-3.59499988705,-3.53099999428,0.194999992847,0.377999991179,0.129999995232
178.011891,0.763020290757,-0.289028921874,0.00230922590992,-0.0287148126529,0.999408865563,0.000929025710451,0.018881628119,3.54399986863,-3.59499988705,-3.53099999428,0.194999992847,0.377999991179,0.129999995232
178.01193,0.763078424236,-0.287924686741,0.00220260694659,-0.0289928358462,0.99939490591,0.00148592523048,0.0191580149621,4.03400011659,-3.70500002056,-3.54100010395,0.188999995589,0.379999995232,0.122000001371
178.011949,0.762764846531,-0.288386713355,0.00196482897722,-0.0287699362602,0.999411060003,0.0013629069835,0.0186538573771,3.75399990678,-2.96500001103,-3.55100009441,0.187000006437,0.377999991179,0.120999999344
178.011989,0.762926813934,-0.289053250199,0.00213418041487,-0.0281415652956,0.999429734272,0.000832133108005,0.0186431250368,2.06400008798,-2.87500009686,-3.61100003719,0.178000003099,0.375,0.126000002027
178.013661,0.76325173822,-0.28842040452,0.00231243155914,-0.0279043106275,0.999429331336,0.00147862552991,0.0189782712417,1.193999964,-4.68500003964,-3.59100005627,0.180000007153,0.372999995947,0.135000005364
178.024279,0.762950307929,-0.287977944535,0.00247742451769,-0.0287054715006,0.99940881847,0.00134352311674,0.0188733784788,2.10400004983,-4.93500003964,-3.70100007057,0.186000004411,0.370000004768,0.137999996543
178.063927,0.763173397939,-0.289036302458,0.00215115051393,-0.0281719456518,0.999418317822,0.00106788597333,0.019189244351,2.38400002122,-2.82499990612,-3.80100009441,0.196999996901,0.365999996662,0.112999998033
178.063954,0.763110059825,-0.288468026608,0.00242772222412,-0.0289717876749,0.999397909986,0.000913379686456,0.0190687905463,2.38400002122,-2.82499990612,-3.80100009441,0.196999996901,0.365999996662,0.112999998033
178.06398,0.763234771248,-0.287627003164,0.00220824009568,-0.0291847190782,0.999385635412,0.00152240963769,0.0193464770498,2.5239998877,-2.49499998242,-3.80100009441,0.190999999642,0.370000004768,0.123000003397
178.064026,0.763337461469,-0.288970556399,0.00237701173165,-0.0284568529285,0.999407862286,0.00113215651722,0.0193093382406,2.5239998877,-2.49499998242,-3.80100009441,0.190999999642,0.370000004768,0.123000003397
178.103906,0.762039231543,-0.288281526241,0.00149339806118,-0.0281291046612,0.999442590237,0.00142628712801,0.0179228344868,2.16399999261,-2.89500007778,-3.75100002289,0.193000003695,0.379000008106,0.123000003397
178.103935,0.762677790156,-0.289187731516,0.00185211145998,-0.0279456714867,0.99943663771,0.00109318199278,0.0185540184619,2.39400001168,-2.60499987751,-3.62100002766,0.189999997616,0.381999999285,0.108000002801
178.103991,0.762890796458,-0.288654397798,0.00247716843273,-0.0284142878754,0.999417434247,0.00148789364428,0.0188469239045,2.66399999261,-1.47500000149,-3.53099999428,0.187000006437,0.384000003338,0.0960000008345
178.104005,0.763715798313,-0.288603911191,0.00295154703973,-0.0285871517034,0.99939748391,0.000968057268512,0.0196597755969,1.57400007844,-1.95500002056,-3.85100004673,0.195999994874,0.374000012875,0.0900000035763
178.143917,0.763550463516,-0.28830071207,0.00221949072279,-0.0285885646462,0.999397595079,0.00112013032245,0.0196439871141,1.57400007844,-1.95500002056,-3.85100004673,0.195999994874,0.374000012875,0.0900000035763
178.143953,0.762808963128,-0.28731612283,0.00196453001657,-0.0297281198555,0.999383024766,0.00137229408996,0.018652761418,1.92399998307,-2.89500007778,-4.21100006104,0.209999993443,0.363999992609,0.112000003457
178.143983,0.762596132686,-0.289077350701,0.00190352930216,-0.0279780343089,0.999437848483,0.00103912457111,0.0184427990187,1.92399998307,-2.89500007778,-4.21100006104,0.209999993443,0.363999992609,0.112000003457
178.144054,0.763620532201,-0.28832635936,0.00261317398987,-0.0287422237996,0.999392909802,0.00126654076399,0.0196492311286,1.85400004983,-2.67500004917,-4.13100001812,0.222000002861,0.356000006199,0.115999996662
178.183872,0.763345392059,-0.288040397135,0.00237623906736,-0.0287405476357,0.999400094314,0.00130735465379,0.0192801252567,1.85400004983,-2.67500004917,-4.13100001812,0.222000002861,0.356000006199,0.115999996662
178.183915,0.762783060332,-0.288476374646,0.00212910425275,-0.0290295088455,0.999405570831,0.00110292246241,0.0185627630192,1.89400001168,-2.79499993473,-4.10100004673,0.221000000834,0.352999985218,0.115999996662
178.183931,0.762716397998,-0.28808755428,0.00229810793754,-0.0289281145653,0.999407830715,0.00134568207642,0.0185833590562,1.5239998877,-3.02499995381,-3.93100008965,0.219999998808,0.360000014305,0.128999993205
178.183967,0.763619646454,-0.287358808705,0.0027760751462,-0.0293775113861,0.999377243874,0.00133961060042,0.0195010690674,0.82399995923,-2.9450000301,-3.45100007057,0.207000002265,0.372000008821,0.129999995232
178.223895,0.762669038817,-0.287275615725,0.00201672807464,-0.0286327666882,0.999414923799,0.00179867770943,0.0186209429802,-0.295999985933,-3.06499991566,-3.34099993706,0.204999998212,0.375,0.126000002027
178.223935,0.763783004795,-0.2883197201,0.00289963457948,-0.0284554562276,0.999399372284,0.00119069052165,0.0197424401851,-0.295999985933,-3.06499991566,-3.34099993706,0.204999998212,0.375,0.126000002027
178.223955,0.762946795437,-0.288541380292,0.00248434969533,-0.0283593702626,0.99941462479,0.00119417505036,0.0190978485791,0.994000035524,-3.62500009686,-3.62100002766,0.188999995589,0.38299998641,0.136999994516
178.223966,0.763287357146,-0.289630655396,0.00226483040183,-0.0283072082492,0.999413897443,0.000697094827115,0.01923740155,0.994000035524,-3.62500009686,-3.62100002766,0.188999995589,0.38299998641,0.136999994516
178.263886,0.763401210825,-0.288282847431,0.00249504417065,-0.0284226225208,0.999405576521,0.00128186998271,0.0194680496389,0.363999980688,-4.15499982983,-3.51100001335,0.185000002384,0.381999999285,0.15000000596
178.263933,0.763248141319,-0.287661198437,0.00237096179969,-0.0294147247672,0.999383805758,0.00111579919879,0.0191190415071,0.144000011683,-3.26499996334,-3.27100000381,0.177000001073,0.379999995232,0.141000002623
178.26397,0.762706205709,-0.288226531775,0.00179783371895,-0.0288385776817,0.999406928548,0.00126612686885,0.0187756366364,1.08399994969,-2.31499991566,-3.18100008965,0.168999999762,0.372000008821,0.133000001311
178.263988,0.762645274032,-0.28825468532,0.00219133054346,-0.0288078838214,0.999409825301,0.00109403810344,0.0186791328252,1.55400009751,-2.36499986798,-3.12100014687,0.163000002503,0.374000012875,0.133000001311
178.274097,0.762823186178,-0.288805292415,0.00230256275449,-0.0281321784402,0.99942971857,0.00122613171134,0.018636383121,2.0239998877,-1.88500008732,-3.07099995613,0.158000007272,0.372000008821,0.11400000006
178.284263,0.763073331548,-0.288483629337,0.0024831910189,-0.0283224575582,0.999416113418,0.00137001315385,0.0190628881138,1.81400008798,-1.62500009686,-3.07099995613,0.15000000596,0.375999987125,0.118000000715
178.323891,0.764144419867,-0.288407620042,0.00269328873381,-0.0288537581417,0.999377761901,0.000741409833767,0.0202731341857,1.81400008798,-1.62500009686,-3.07099995613,0.15000000596,0.375999987125,0.118000000715
178.323923,0.763126012862,-0.287996973462,0.00225824673056,-0.0291874912594,0.999390600459,0.00130782347511,0.0190999389182,1.41399999261,-1.88500008732,-3.33099994659,0.151999995112,0.384999990463,0.127000004053
178.323987,0.763388953794,-0.287450226801,0.00243133254984,-0.0294105711197,0.999382283359,0.00129367856875,0.0191936554502,1.41399999261,-1.88500008732,-3.33099994659,0.151999995112,0.384999990463,0.127000004053
178.3639,0.762533348826,-0.287356197726,0.00224158772858,-0.0295993194059,0.999389487522,0.00135832695908,0.0185118197292,1.17399998307,-1.75499997288,-3.39100012779,0.155000001192,0.38299998641,0.128999993205
178.363941,0.763440577988,-0.287770273925,0.00277550710418,-0.0289020260039,0.999393822967,0.00117213107616,0.0193722899082,0.884000021219,-1.96500001103,-3.42100009918,0.156000003219,0.381000012159,0.143000006676
178.364119,0.762986996564,-0.288929236555,0.00225910543531,-0.0283362002858,0.999417009114,0.000821553877413,0.0190269991437,0.943999963999,-1.86499986798,-3.53099999428,0.165000006557,0.374000012875,0.127000004053
178.364154,0.763547109031,-0.288127650554,0.00255699677368,-0.0284479116557,0.999400253122,0.00160602651522,0.0196792037503,1.60400004983,-2.18500003964,-3.62100002766,0.165000006557,0.381999999285,0.112000003457
178.403851,0.763028562708,-0.288651763594,0.00243301937222,-0.0279436220999,0.999424138537,0.0012555959676,0.0192085598527,1.60400004983,-2.18500003964,-3.62100002766,0.165000006557,0.381999999285,0.112000003457
178.40392,0.762980657529,-0.288026841786,0.00225262162695,-0.0293788435366,0.99938862753,0.00127112233346,0.0189113448516,1.79400010705,-2.96500001103,-3.7210000515,0.181999996305,0.375,0.131999999285
178.403979,0.763242908488,-0.289187260697,0.00248891820956,-0.0283005929993,0.999415155366,0.000923477798428,0.0191721373293,1.79400010705,-2.96500001103,-3.7210000515,0.181999996305,0.375,0.131999999285
178.40401,0.762711950404,-0.288643470238,0.0020225317626,-0.028717845289,0.999413037596,0.000854833068303,0.0186583735808,2.60400004983,-2.26499996334,-3.54100010395,0.177000001073,0.365999996662,0.136000007391
178.404031,0.763068443875,-0.287113447625,0.00281611898844,-0.0292472426927,0.999390851487,0.00136587951067,0.0189910276641,2.2739998877,-1.52499995381,-2.98100004196,0.186000004411,0.354000002146,0.127000004053
178.443923,0.763544968162,-0.288381659052,0.00300119715408,-0.0283209923521,0.999408375992,0.00139133261067,0.0194649321275,2.28400011659,-1.31499991566,-2.85100016594,0.189999997616,0.354999989271,0.108999997377
178.443967,0.762856504533,-0.287713779877,0.00253381054995,-0.028837316971,0.999406227511,0.00115793948538,0.0188218154983,2.67399998307,-1.71500001103,-2.82099995613,0.179000005126,0.365000009537,0.122000001371
178.443997,0.763173144897,-0.288136060533,0.00265702835262,-0.0284828159967,0.999409668412,0.00133456652161,0.0191641020912,2.48399992585,-2.08499989659,-2.88100013733,0.178000003099,0.365000009537,0.135000005364
178.444015,0.763784445399,-0.289300081566,0.00313195576576,-0.028946692224,0.999383648559,0.000611338344573,0.0198503971431,1.943999964,-1.32499990612,-2.9710000515,0.168999999762,0.365999996662,0.142000004649
178.453655,0.762905307507,-0.287467911375,0.00235872020829,-0.0292151012414,0.999397549236,0.00137231231208,0.0186851063677,1.943999964,-1.32499990612,-2.9710000515,0.168999999762,0.365999996662,0.142000004649
178.463356,0.762678117809,-0.286586697586,0.00202128704248,-0.0294987820782,0.999388861024,0.00166639276186,0.0186801887702,1.50399990678,-1.39500007778,-3.18100008965,0.155000001192,0.372000008821,0.127000004053
178.49987,0.763214810373,-0.288464653558,0.00237118577126,-0.0290314454942,0.999395007649,0.00110214196645,0.0191201239919,1.50399990678,-1.39500007778,-3.18100008965,0.155000001192,0.372000008821,0.127000004053
178.499921,0.762582509899,-0.288202257396,0.00184749176913,-0.0285499685956,0.999420405457,0.00122329191379,0.018500162335,2.21399994493,-2.16500005871,-3.03099999428,0.162000000477,0.358000010252,0.141000002623
178.500053,0.762928708798,-0.288032339368,0.00242219996879,-0.0289937091814,0.999398845333,0.00135283952426,0.0189600263646,1.943999964,-2.64500007778,-3.17100009918,0.166999995708,0.361999988556,0.149000003934
178.539875,0.763620532201,-0.28832635936,0.00261317398987,-0.0287422237996,0.999392909802,0.00126654076399,0.0196492311286,2.31400008798,-3.12500009686,-3.0509999752,0.173999994993,0.361000001431,0.149000003934
178.539909,0.762940214554,-0.287639069782,0.00247833402896,-0.0284439808782,0.999413781993,0.00166191177947,0.018980789333,2.70399995446,-2.72500000149,-3.01100001335,0.177000001073,0.361999988556,0.108000002801
178.539941,0.76307561707,-0.287882553272,0.00259595314057,-0.0295149750095,0.999383742846,0.000844470400451,0.0189812448236,2.18399997354,-1.96500001103,-3.09099993706,0.180000007153,0.356999993324,0.0850000008941
178.539969,0.763434299071,-0.288093789744,0.00277687915775,-0.0289316777454,0.999390128518,0.00131127223201,0.0195092185521,1.76399989724,-1.8049999252,-3.45100007057,0.187000006437,0.358000010252,0.105999998748
178.579898,0.763609269447,-0.288594324912,0.00261324843018,-0.0289338482144,0.999387378417,0.00125557324882,0.0196500337174,1.76399989724,-1.8049999252,-3.45100007057,0.187000006437,0.358000010252,0.105999998748
178.579938,0.76327662441,-0.2887393785,0.00260008371391,-0.0280376185386,0.999423495092,0.00121254563768,0.0191075675788,2.54400010705,-1.93500003964,-3.38100013733,0.167999997735,0.358000010252,0.115999996662
178.579976,0.763361978317,-0.289156499547,0.0024382106454,-0.0285595530622,0.999405205005,0.000819309344723,0.0193110556548,2.54400010705,-1.93500003964,-3.38100013733,0.167999997735,0.358000010252,0.115999996662
178.580005,0.762670840491,-0.288736484422,0.00230324877153,-0.0284526997459,0.999420533823,0.00120446415803,0.0186437580913,2.37400003076,-2.38500008732,-3.28099999428,0.173999994993,0.363999992609,0.107000000775
178.619889,0.763060972843,-0.289002525324,0.00237146514096,-0.0284638090085,0.999413570533,0.000776934764824,0.0190190163901,1.68399997354,-1.77499995381,-3.2210000515,0.168999999762,0.368999987841,0.097000002861
178.61993,0.763265786081,-0.288651606281,0.0024887700468,-0.0284922401477,0.999409713653,0.000933834571056,0.0191714490721,2.90400000215,-0.194999970496,-3.29099998474,0.180000007153,0.38299998641,0.0879999995232
178.619964,0.763163514488,-0.287730219348,0.00231480240108,-0.0293121517782,0.999385809631,0.00144464190917,0.0191497852876,3.91400023103,-0.955000020564,-3.39100012779,0.167999997735,0.395000010729,0.104000002146
178.61998,0.763129539094,-0.288659099822,0.0022589355037,-0.0285205674817,0.999409513279,0.00114710817025,0.0191281504699,4.42399998307,-0.685000039637,-3.37100014687,0.168999999762,0.398000001907,0.116999998689
178.659968,0.763151469417,-0.288190521195,0.00260174148612,-0.0281961234606,0.999416122474,0.0013548143082,0.0192498633558,3.96399994493,0.295000009239,-3.46100006104,0.163000002503,0.398999989033,0.112999998033
178.660014,0.762843052411,-0.288093745926,0.00208334314399,-0.0288351919282,0.999405692641,0.0013438717602,0.0188411048272,3.96399994493,0.295000009239,-3.46100006104,0.163000002503,0.398999989033,0.112999998033
178.660102,0.763054891866,-0.286879108047,0.00208366156519,-0.0295024024224,0.999383545278,0.00152867384477,0.0189684167687,3.11400004029,-0.244999982417,-3.14100012779,0.167999997735,0.389999985695,0.115000002086
178.660154,0.763363120111,-0.288905503083,0.00254998509656,-0.0274599085019,0.999434506115,0.00142388498039,0.0193544300874,3.11400004029,-0.244999982417,-3.14100012779,0.167999997735,0.389999985695,0.115000002086
178.699924,0.763196159678,-0.288500701857,0.00215100216593,-0.028363593401,0.999412900878,0.00107825254327,0.0191884731078,2.84400005937,-0.0249999538064,-2.99100003242,0.179000005126,0.379999995232,0.109999999404
178.699969,0.763319434134,-0.287913829265,0.00237573221896,-0.0286409568556,0.999403271068,0.00146875052269,0.0192520165453,2.443999964,-0.274999953806,-3.09099993706,0.177000001073,0.377000004053,0.108000002801
178.7,0.763552499882,-0.28854422118,0.00278148542764,-0.0287106898219,0.99939561488,0.00118754949469,0.0195624889942,2.50399990678,-0.624999977648,-3.26100001335,0.175999999046,0.377000004053,0.115999996662
178.700018,0.762905823889,-0.288204810327,0.00202854952524,-0.0290095144658,0.999400646043,0.000736796995827,0.0188746891157,3.04400010705,-0.794999934733,-3.4710000515,0.170000001788,0.384000003338,0.123000003397
178.739907,0.763259375084,-0.288716273185,0.00231936086267,-0.0281330244714,0.999418843322,0.00132519334946,0.0192029270907,3.04400010705,-0.794999934733,-3.4710000515,0.170000001788,0.384000003338,0.123000003397
178.739953,0.763293431693,-0.288045913843,0.00254584963339,-0.0285470166075,0.999404591476,0.00138553766842,0.0193290109847,2.15400000215,-2.37500009686,-2.92100009918,0.177000001073,0.393000006676,0.16099999845
178.73997,0.763344923834,-0.288654946273,0.00265833609092,-0.0284830286089,0.999406626522,0.00133047491591,0.0193220542672,2.15400000215,-2.37500009686,-2.92100009918,0.177000001073,0.393000006676,0.16099999845
178.739987,0.763535027864,-0.288387892297,0.00227420797665,-0.0289671572733,0.999388755751,0.00124992484023,0.0195309079745,2.30400009751,-2.17500004917,-2.8610001564,0.173999994993,0.393999993801,0.167999997735
178.779878,0.763511218336,-0.288407240237,0.00289497091176,-0.0290668476141,0.99938503117,0.000970580866028,0.0195891759941,2.30400009751,-2.22500000149,-2.73100004196,0.170000001788,0.398999989033,0.152999997139
178.779919,0.762953730104,-0.287478671305,0.00225707802132,-0.0291870945852,0.999393612706,0.00131158876797,0.0189420201649,1.80400009751,-2.63500008732,-2.4710000515,0.157000005245,0.400999993086,0.148000001907
178.779952,0.763605266918,-0.288315843181,0.00272728993326,-0.0290064687643,0.99938460362,0.000891986631706,0.0197038873624,1.80400009751,-2.63500008732,-2.4710000515,0.157000005245,0.400999993086,0.148000001907
178.779989,0.763423373939,-0.288102993167,0.00260636963041,-0.0285427933519,0.999403001532,0.00155632682117,0.0194043119632,2.15400000215,-2.26499996334,-2.57099995613,0.157000005245,0.402000010014,0.146999999881
178.819911,0.763732175534,-0.288611120771,0.00228119704772,-0.0285919779742,0.999395067505,0.000971555849588,0.0197750833654,2.11400004029,-0.354999996722,-3.1110001564,0.170000001788,0.395999997854,0.101999998093
178.81994,0.762679453529,-0.287873301562,0.00218624809562,-0.0287083998992,0.999413648041,0.00123913209125,0.0186186045656,2.11400004029,-0.354999996722,-3.1110001564,0.170000001788,0.395999997854,0.101999998093
178.819978,0.762712327198,-0.288325931894,0.00225085881627,-0.0278377511786,0.999436293162,0.00159537269709,0.0186978690182,2.97399993539,-1.04499993473,-3.49100003242,0.187999993563,0.379999995232,0.142000004649
178.820008,0.763107006228,-0.288647352352,0.00232005013809,-0.0284535545621,0.999409655849,0.00130349021708,0.0192103082155,2.97399993539,-1.04499993473,-3.49100003242,0.187999993563,0.379999995232,0.142000004649
